Model,Task,ROC-AUC,PR-AUC,Accuracy
Logistic,is_click,0.9779282015678786,0.9996631834915212,0.9849279161205766
Logistic,is_like,0.5832300961282129,0.0512464328899809,0.971821756225426
Logistic,long_view,0.9760304226596362,0.9790126510177042,0.9285714285714286
LightGBM,is_click,0.9922618531053836,0.999881235154804,0.988859764089122
LightGBM,is_like,0.7659677899920023,0.3031250572738718,0.9711664482306684
LightGBM,long_view,0.999893023769428,0.999886299821057,0.9960681520314548
